smiles,activity
C=C(C)C(=O)Nc1cccc(C2=NOC3(C2)C[C@H](C(N)=O)N(C(=O)C(c2ccccc2)c2ccccc2)C3)c1,0
C=C(C)C(=O)Nc1cccc(C2=NOC3(C2)C[C@H](C(N)=O)N(C(=O)COc2ccc(Cl)cc2)C3)c1,0
C=CC#CC[N+]1(CC#Cc2ccccc2)CCOCC1.[Br-],0
CC(=O)NC1=NC(=O)/C(=C/c2cc(C)n(-c3cccc(C(=O)O)c3)c2C)S1,0
CC(=O)OCCNc1cc(Sc2nc3ccccc3[nH]2)c2nonc2c1[N+](=O)[O-],0
CC(=O)c1ccc2c(c1)C1C=CCC1C(C(=O)O)N2,0
CC(C(=O)O)N1C(=O)/C(=C/C=C/c2ccco2)SC1=S,0
CC(C)C(C(=O)O)N1C(=O)/C(=C/C=C/c2ccco2)SC1=S,0
CC(C)S(=O)(=O)C1=NSC2=NC(=O)/C(=C\c3ccc(-c4cccc(C(=O)O)c4)o3)C(=N)N21,0
CC1(C)CCCN(C(=O)c2coc(=O)c(Br)c2)C1,0
CC1=C(C#N)c2nc(N)c(C#N)c(C)c2/C1=C\c1ccc(-c2ccccc2C(=O)O)o1,0
CC1=CC(=O)C=C(C)C1=NOS(=O)(=O)c1ccccc1,0
CC1=NN(c2ccc(Cl)c(C(=O)O)c2)C(=O)/C1=C\c1ccc(-c2ccc(C(=O)O)cc2)o1,0
CC1C=CC(C)C(C(=O)O)C1C(=O)O,0
CCCC(=O)OCCNc1cc(Sc2nccn2C)c2nonc2c1[N+](=O)[O-],0
CCCNC(=O)c1nnsc1[S+]([O-])c1ccc(Cl)cc1,0
CCCSc1nnc(NC(=O)c2sc3nc(-c4cccs4)ccc3c2N)s1,0
CCN(CC)C(=S)SSC(=S)N(CC)CC,0
CCN(CC)c1ccc(/C=C2/C(=O)c3ccc(C(=O)O)cc3C2=O)cc1,0
CCN(CC)c1ccc(/C=C2\C(=O)c3ccc(C(=O)O)cc3C2=O)cc1,0
CCN(c1ccccc1C)S(=O)(=O)c1cc(NC(C)=O)c(OC)cc1OC,0
CCNC(=O)Nc1ccc(NC(=O)c2cc(OC)cc(-c3c[nH]c(=O)[nH]c3=O)c2)cc1,1
CCOC(=O)c1sc2nc3c(SCC(=O)O)cc(C(=O)c4cc(F)ccc4O)cn3c(=O)c2c1C,0
CCS(=O)(=O)C1=NN2C(=N)/C(=C\c3ccc(SCc4ccco4)o3)C(=O)N=C2S1,0
CCc1c(C)[nH]n(-c2ccc(Oc3ccccc3)c(S(=O)(=O)O)c2)c1=O,0
CCn1c2ccc(C)cc2c2nc3cc(C(=O)O)ccc3nc21,0
CN(C)C(=S)SSC(=S)N(C)C,0
CN(C)S(=O)(=O)c1cccc(NC(=S)N/N=C/c2ccc(O)c(O)c2O)c1,0
CN1CCN(C(=S)NC(=O)c2ccc(Cl)cc2)CC1,0
CNC(=O)c1nnsc1[S+]([O-])c1ccc(Cl)cc1,0
COC(=O)c1cc(O)cc(OC)c1Oc1cc(C)cc(O)c1C(=O)O,0
COC(=O)c1ccc(N2NC(=O)/C(=C/c3ccc(-c4ccc(Cl)c(C(=O)O)c4)o3)C2=O)cc1,0
COC(=O)c1ccccc1CNS(=O)(=O)c1cc(NC(C)=O)c(OC)cc1OC,0
COC(=O)c1ccccc1NC(=O)CCS(=O)(=O)c1ccc(Br)cc1,0
COc1cc(/C=C(\C#N)c2nc3cc(C)ccc3[nH]2)cc([N+](=O)[O-])c1O,0
COc1cc(/C=C2/C(=O)c3cccc([N+](=O)[O-])c3C2=O)c(Br)cc1O,0
COc1cc(C(=O)Nc2ccc(NC(=O)C3CCCCN3)cc2)cc(-c2c[nH]c(=O)[nH]c2=O)c1,1
COc1cc(C(=O)Nc2ccc(NC(=O)c3ccccc3)cc2)c(N)cc1O,1
COc1cc(C(=O)Nc2ccc(NC(=O)c3ccccc3)cc2)cc(-c2c[nH]c(=O)[nH]c2=O)c1O,1
COc1cc(C(=O)Nc2ccc(NC(=O)c3ccccc3)cc2)ccc1O,0
COc1cc(C(=O)Nc2ccc(NC(=O)c3ccccc3)cc2)ccc1OCC(=O)O,0
COc1cc(C(=O)Nc2ccc(NC(=O)c3ccccc3)cc2)ccc1OCC(N)=O,0
COc1cc(C(=O)Nc2ccc(NC(=O)c3ccccn3)cc2)cc(-c2c[nH]c(=O)[nH]c2=O)c1,1
COc1cc(C(=O)Nc2ccc(NC(=O)c3ccccn3)cc2)cc(-c2cnc(=O)[nH]c2)c1,1
COc1cc(C(=O)Nc2ccc(NC(=O)c3ccccn3)cc2)cc(-c2nc(=O)o[nH]2)c1,0
COc1cc(C(=O)Nc2ccc(NC(=O)c3ccccn3)cc2)cc(-c2nn[nH]n2)c1,0
COc1cc(C(=O)Nc2ccc(NC(=O)c3ccccn3)cc2)cc(N2CCC(=O)NC2=O)c1,1
COc1cc(C(=O)Nc2ccc(NC(=O)c3ccccn3)cc2)ccc1O,1
COc1cc(O)c(S(=O)(=O)N2c3ccccc3CC[C@H]2C)cc1NC(=O)CCC(=O)O,1
COc1cc(O)c(S(=O)(=O)N2c3ccccc3CC[C@H]2C)cc1NC(=O)[C@H]1[C@H](C)[C@H]1C(=O)O,1
COc1cc(O)c(S(=O)(=O)N2c3ccccc3Oc3ccccc32)cc1NC(=O)[C@H]1[C@H](C)[C@@H]1C(=O)O,1
COc1cc(OC)c(S(=O)(=O)N(C)C)cc1NC(C)=O,0
COc1cc(OC)c(S(=O)(=O)N(C)c2ccccc2)cc1NC(C)=O,0
COc1cc(OC)c(S(=O)(=O)N(c2ccc(C)cc2)c2ccc(C)cc2)cc1NC(=O)CCC(=O)O,1
COc1cc(OC)c(S(=O)(=O)N(c2ccccc2)C(C)C)cc1NC(C)=O,0
COc1cc(OC)c(S(=O)(=O)N(c2ccccc2)c2ccc(N)cc2)cc1NC(=O)CCC(=O)O,1
COc1cc(OC)c(S(=O)(=O)N(c2ccccc2)c2ccc3ccccc3c2)cc1NC(=O)CCC(=O)O,1
COc1cc(OC)c(S(=O)(=O)N(c2ccccc2)c2ccccc2)cc1NC(=O)CCC(=O)O,1
COc1cc(OC)c(S(=O)(=O)N2CCCC2C)cc1NC(C)=O,0
COc1cc(OC)c(S(=O)(=O)N2CCCCC2)cc1NC(C)=O,0
COc1cc(OC)c(S(=O)(=O)N2CCCCC2C)cc1NC(C)=O,0
COc1cc(OC)c(S(=O)(=O)N2CCCC[C@@H]2C)cc1NC(C)=O,0
COc1cc(OC)c(S(=O)(=O)N2CCC[C@H]2C)cc1NC(C)=O,0
COc1cc(OC)c(S(=O)(=O)N2Cc3ccccc3Oc3ccccc32)cc1NC(=O)CCC(=O)O,1
COc1cc(OC)c(S(=O)(=O)N2c3ccccc3CC2C)cc1NC(C)=O,0
COc1cc(OC)c(S(=O)(=O)N2c3ccccc3CCC2C)cc1NC(=O)/C=C/C(=O)O,1
COc1cc(OC)c(S(=O)(=O)N2c3ccccc3CCC2C)cc1NC(=O)CCC(=O)O,0
COc1cc(OC)c(S(=O)(=O)N2c3ccccc3CCC2C)cc1NC(=O)COC(C)=O,0
COc1cc(OC)c(S(=O)(=O)N2c3ccccc3CCC2C)cc1NC(=O)COc1ccc(C(C)=O)cc1,0
COc1cc(OC)c(S(=O)(=O)N2c3ccccc3CCC2C)cc1NC(=O)CSCC(=O)O,0
COc1cc(OC)c(S(=O)(=O)N2c3ccccc3CCC2C)cc1NC(=O)CSc1ccncc1,0
COc1cc(OC)c(S(=O)(=O)N2c3ccccc3CCC2C)cc1NC(=O)NCC(=O)O,0
COc1cc(OC)c(S(=O)(=O)N2c3ccccc3CCC2C)cc1NC(=O)c1ccccc1,0
COc1cc(OC)c(S(=O)(=O)N2c3ccccc3CCC2C)cc1NC(=S)NCC(=O)O,0
COc1cc(OC)c(S(=O)(=O)N2c3ccccc3CCC2C)cc1NC(C)=O,0
COc1cc(OC)c(S(=O)(=O)N2c3ccccc3CCC2C)cc1NS(C)(=O)=O,0
COc1cc(OC)c(S(=O)(=O)N2c3ccccc3CC[C@@H]2C)cc1NC(=O)/C=C/C(=O)O,1
COc1cc(OC)c(S(=O)(=O)N2c3ccccc3CC[C@@H]2C)cc1NC(=O)CCC(=O)O,1
COc1cc(OC)c(S(=O)(=O)N2c3ccccc3CC[C@@H]2C)cc1NC(=O)CCc1nn[nH]n1,1
COc1cc(OC)c(S(=O)(=O)N2c3ccccc3CC[C@@H]2C)cc1NC(=O)COCC(=O)O,1
COc1cc(OC)c(S(=O)(=O)N2c3ccccc3CC[C@@H]2C)cc1NC(=O)COc1ccc(C(C)=O)cc1,0
COc1cc(OC)c(S(=O)(=O)N2c3ccccc3CC[C@@H]2C)cc1NC(=O)Cc1ccnc(C#N)c1,1
COc1cc(OC)c(S(=O)(=O)N2c3ccccc3CC[C@@H]2C)cc1NC(=O)Cc1ccnc(F)c1,1
COc1cc(OC)c(S(=O)(=O)N2c3ccccc3CC[C@@H]2C)cc1NC(=O)[C@@H]1[C@@H](C)[C@H]1C(=O)O,1
COc1cc(OC)c(S(=O)(=O)N2c3ccccc3CC[C@@H]2C)cc1NC(=O)c1ccccc1,0
COc1cc(OC)c(S(=O)(=O)N2c3ccccc3CC[C@H]2C)cc1NC(=O)COC(C)=O,1
COc1cc(OC)c(S(=O)(=O)N2c3ccccc3CC[C@H]2C)cc1NC(=O)CSCC(=O)O,1
COc1cc(OC)c(S(=O)(=O)N2c3ccccc3CC[C@H]2C)cc1NC(=O)CSc1ccncc1,1
COc1cc(OC)c(S(=O)(=O)N2c3ccccc3CC[C@H]2C)cc1NC(=O)NCC(=O)O,1
COc1cc(OC)c(S(=O)(=O)N2c3ccccc3CC[C@H]2C)cc1NC(=S)NCC(=O)O,1
COc1cc(OC)c(S(=O)(=O)N2c3ccccc3CC[C@H]2C)cc1NC(C)=O,1
COc1cc(OC)c(S(=O)(=O)N2c3ccccc3CC[C@H]2C)cc1NS(C)(=O)=O,0
COc1cc(OC)c(S(=O)(=O)N2c3ccccc3C[C@H]2C)cc1NC(C)=O,1
COc1cc(OC)c(S(=O)(=O)N2c3ccccc3Oc3ccccc32)cc1NC(=O)/C=C/C(=O)O,1
COc1cc(OC)c(S(=O)(=O)N2c3ccccc3Oc3ccccc32)cc1NC(=O)CCC(=O)O,1
COc1cc(OC)c(S(=O)(=O)N2c3ccccc3Oc3ccccc32)cc1NC(=O)Cc1ccnc(F)c1,1
COc1cc(OC)c(S(=O)(=O)N2c3ccccc3Oc3ccccc32)cc1NC(=O)Cc1ccncc1,1
COc1cc(OC)c(S(=O)(=O)N2c3ccccc3Oc3ccccc32)cc1NC(=O)[C@H]1[C@@H](C)[C@H]1C(=O)O,1
COc1cc(OC)c(S(=O)(=O)N2c3ccccc3Sc3ccccc32)cc1NC(=O)CCC(=O)O,1
COc1cc(OC)c(S(=O)(=O)NCc2ccc3c(c2)OCO3)cc1NC(C)=O,0
COc1cc(OC)c(S(=O)(=O)NCc2ccccc2-c2ccc(C(=O)O)cc2)cc1NC(=O)CCC(=O)O,1
COc1cc(OC)c(S(=O)(=O)NCc2ccccc2Br)cc1NC(C)=O,0
COc1cc(OC)c(S(=O)(=O)NCc2ccccc2CC(=O)O)cc1NC(C)=O,0
COc1cc(OC)c(S(=O)(=O)NCc2ccccc2N2CCC(C(=O)O)CC2)cc1NC(=O)CCC(=O)O,1
COc1cc(OC)c(S(=O)(=O)NCc2ccccc2N2CCC(CC(=O)O)CC2)cc1NC(=O)CCC(=O)O,1
COc1cc(OC)c(S(=O)(=O)NCc2ccccc2N2CCC(CO)CC2)cc1NC(=O)CCC(=O)O,1
COc1cc(OC)c(S(=O)(=O)NCc2ccccc2N2CCC(CO)CC2)cc1NC(C)=O,0
COc1cc(OC)c(S(=O)(=O)NCc2ccccc2N2CCC(COC(=O)CCC(=O)O)CC2)cc1NC(=O)CCC(=O)O,1
COc1cc(OC)c(S(=O)(=O)NCc2ccccc2N2CCCCC2)cc1NC(=O)CCC(=O)O,1
COc1cc(OC)c(S(=O)(=O)NCc2ccccc2N2CCCCC2)cc1NC(C)=O,0
COc1cc(OC)c(S(=O)(=O)Nc2ccc(C)cc2)cc1NC(C)=O,0
COc1cc(OC)c(S(=O)(=O)Nc2ccc(F)cc2)cc1NC(C)=O,0
COc1cc(OC)c(S(=O)(=O)Nc2cccc(C)c2)cc1NC(C)=O,0
COc1cc(OC)c(S(=O)(=O)Nc2cccc(F)c2)cc1NC(C)=O,0
COc1cc(OC)c(S(=O)(=O)Nc2ccccc2)cc1NC(C)=O,0
COc1cc(OC)c(S(=O)(=O)Nc2ccccc2F)cc1NC(C)=O,0
COc1cc2c(Nc3ccc(NC(=O)c4ccccc4)cc3)nc(-c3ccccn3)nc2cc1O,1
COc1cc2c(Nc3ccc(NC(=O)c4ccccc4)cc3)nc(C)nc2cc1O,1
COc1cc2c(Nc3ccc(NC(=O)c4ccccc4)cc3)nc(Cc3ccccc3)nc2cc1O,1
COc1cc2c(Nc3ccc(NC(=O)c4ccccc4)cc3)nc(Cl)nc2cc1O,1
COc1cc2c(Nc3ccc(NC(=O)c4ccccc4)cc3)nc(N)nc2cc1O,0
COc1cc2c(Nc3ccc(NC(=O)c4ccccc4)cc3)nc(NCCCn3ccnc3)nc2cc1O,1
COc1cc2c(Nc3ccc(NC(=O)c4ccccc4)cc3)nc(NCCc3ccccn3)nc2cc1O,1
COc1cc2c(Nc3ccc(NC(=O)c4ccccc4)cc3)ncnc2cc1O,1
COc1cc2c(Nc3ccc(NC(=O)c4ccccc4)cc3)ncnc2cc1OCC(=O)O,1
COc1cc2c(Nc3ccc(NC(=O)c4ccccc4)cc3)ncnc2cc1OCC(N)=O,0
COc1cc2c(Nc3ccc(NC(=O)c4ccccc4)cc3)ncnc2cc1OCCO,0
COc1ccc(/C=C2/C(=O)NC(=O)N(Cc3ccco3)C2=O)cc1,1
COc1ccc(C(=O)Nc2ccc(NC(=O)c3ccccn3)cc2)cc1-c1c[nH]c(=O)[nH]c1=O,0
COc1ccc(N2C(=O)C(Cl)=C(Nc3ccccc3O)C2=O)cc1,0
COc1ccc(OCc2cc(C(=O)O)c(C)o2)cc1,0
COc1ccccc1CNS(=O)(=O)c1cc(NC(C)=O)c(OC)cc1OC,0
COc1ccccc1N1C(=O)C(Cl)=C(Nc2ccccc2O)C1=O,0
CS(=O)(=O)c1ccc2c(c1)SC1=NC(=O)/C(=C/c3ccc(O)c(O)c3)C(=N)N12,0
CSc1nnc(SCc2nc(O)c3c(C)c(C(=O)O)sc3n2)s1,0
Cc1c(Br)c(=O)oc2c(Br)c(O)c(O)cc12,0
Cc1c(C)n(C(=O)CSc2nc3ccccc3[nH]2)c2ccccc12,0
Cc1c(Cl)sn(-c2ccc(Cl)cc2)c1=O,0
Cc1c(Nc2cc(Cl)c3nonc3c2[N+](=O)[O-])c(=O)n(-c2ccccc2)n1C,0
Cc1cc(/C=C2\C(=O)NC(=O)N(Cc3ccccc3)C2=O)c(C)n1-c1ccc(Cl)c(C(=O)O)c1,0
Cc1cc(/C=N/NC(=O)c2cccc(N(C)C)c2)c(C)n1-c1cc(C(=O)O)cc(C(=O)O)c1,0
Cc1cc(/C=c2\sc3nc4ccccc4n3c2=O)c(C)n1-c1ccc(C(=O)O)cc1,0
Cc1cc(N)n(-c2ccc(Oc3ccccc3)c(S(=O)(=O)O)c2)n1,0
Cc1ccc(/C=C2/C(=O)c3ccc(C(=O)O)cc3C2=O)o1,0
Cc1ccc(/C=C2/SC(=O)NC2=S)o1,0
Cc1ccc(C)n1-c1sccc1C(=O)O,0
Cc1ccc(CNC(=O)CCS(=O)(=O)c2ccc(Br)cc2)cc1,0
Cc1ccc(N2C(=O)NC(=O)/C(=C/c3ccoc3)C2=O)cc1,0
Cc1ccc(NC(=O)CN2C(=O)N/C(=C/c3cccn3-c3ccc(C(=O)O)cc3)C2=O)cc1,0
Cc1ccc(NC(=O)CN2C(=O)N/C(=C\c3cccn3-c3cccc(C(=O)O)c3)C2=O)cc1,0
Cc1ccc(OCC(=O)N/N=C\c2ccc(-c3cccc(C(=O)O)c3)o2)c(C)c1,0
Cc1cccc(N2C(=O)NC(=O)/C(=C/c3ccc([N+](=O)[O-])o3)C2=O)c1,0
Cc1cccc(N2NC(=O)/C(=C/c3ccc(-c4ccc(Cl)c(C(=O)O)c4)o3)C2=O)c1,0
Cc1n[nH]c(S/C(=C\c2ccc(-c3ccc(C(=O)O)c(Cl)c3)o2)C(=O)O)n1,0
Cc1nc(Nc2ccc(C(=O)O)cc2)nc(Nc2ccc(C(=O)O)cc2)c1[N+](=O)[O-],0
Cc1nn(-c2ccccc2Cl)c(Cl)c1/C=N/Nc1cccc(C(=O)O)c1,0
Cc1nnc(Sc2cc(NCCCO)c([N+](=O)[O-])c3nonc23)s1,0
Cn1cnc([N+](=O)[O-])c1S(=O)(=O)c1ccc(Cl)cc1,0
N#C/C(=C/c1ccc(-c2cc(C(=O)O)cc(C(=O)O)c2)o1)c1nc2ccccc2s1,0
N#C/C(=C\c1ccc(-c2ccc(C(=O)O)cc2)o1)c1nc2ccccc2[nH]1,0
N#C/C(=C\c1ccc(O)c([N+](=O)[O-])c1)c1nc2ccccc2s1,0
N/C(=N\N=C/c1ccc(-c2ccc(O)c(C(=O)O)c2)o1)N[N+](=O)[O-],0
N=C1/C(=C\c2ccc(-c3ccc(C(=O)O)cc3)o2)C(=O)N=C2SC=C(c3ccccc3)N12,0
N=C1/C(=C\c2ccc(-c3cccc(C(=O)O)c3)o2)C(=O)N=C2SC=C(c3ccccc3)N12,0
N=C1S/C(=C\c2ccc(-c3ccccc3C(=O)O)o2)C(=O)N1c1ccc2c(c1)OCO2,0
Nc1ccc(Nc2ccc(N)cc2S(=O)(=O)O)cc1,1
Nc1ccc2nc3c(O)nc(S)nc3nc2c1,0
Nc1nonc1C(=O)N/N=C/c1ccc(-c2cccc(C(=O)O)c2)o1,0
O=C(/C=C/c1ccc(O)c(O)c1)O[C@H](Cc1ccc(O)c(O)c1)C(=O)O,0
O=C(CCCN1C(=O)/C(=C/c2ccco2)SC1=S)Nc1ccccc1C(=O)O,0
O=C(CSc1nnc(SCC(=O)NCCSCc2ccco2)s1)NCCSCc1ccco1,1
O=C(N/N=C/c1ccc(-c2ccc(Cl)c(C(=O)O)c2)o1)c1cc2c(ccc3ccccc32)o1,0
O=C(NN1C(=O)/C(=C/C=C/c2ccco2)SC1=S)c1ccccc1O,0
O=C(Nc1ccc(NC(=O)c2ccccn2)cc1)c1ccc(O)c([N+](=O)[O-])c1,1
O=C(Nc1ccc(NC(=O)c2ccccn2)cc1)c1cccc(-c2c[nH]c(=O)[nH]c2=O)c1,1
O=C(Nc1ccc(Oc2ccc(C(=O)O)c(C(=O)O)c2)cc1)c1cccs1,0
O=C(Nc1cccc(Oc2ccc(C(=O)O)c(C(=O)O)c2)c1)c1ccc(-c2ccccc2)cc1,0
O=C(Nc1ccccc1)c1nnsc1[S+]([O-])c1ccc(Cl)cc1,0
O=C(O)C(S)C(S)C(=O)O,0
O=C(O)C1C2C=CC(CC2)C1C(=O)O,0
O=C(O)CCCCC1CCSS1,1
O=C(O)CSCC(=O)Nc1ccc(-c2nc3ccccc3s2)cc1,0
O=C(O)C[C@@H]1C(=O)O[C@@H]2C(COC(=O)c3cc(O)c(O)c(O)c3)O[C@@H](OC(=O)c3cc(O)c(O)c(O)c3)[C@@H](OC(=O)c3cc(O)c(O)c4c3[C@H]1[C@H](O)C(=O)O4)[C@H]2OC(=O)c1cc(O)c(O)c(O)c1,0
O=C(O)c1c2c(nc3ccccc13)/C(=C/c1ccc(O)cc1)CC2,0
O=C(O)c1cc(-c2ccco2)nc2ccc(Br)cc12,0
O=C(O)c1cc(C(=O)O)cc(-c2ccc(/C=c3/sc4nc5ccccc5n4c3=O)o2)c1,0
O=C(O)c1cc(N2N=C(C(F)(F)F)/C(=C/C=C/c3ccco3)C2=O)ccc1Cl,0
O=C(O)c1ccc(-c2ccc(/C=C3\NC(=O)N(Cc4ccc(Cl)cc4)C3=O)o2)cc1Cl,0
O=C(O)c1ccc(-n2cccc2/C=C2/NC(=O)N(c3cccc(Cl)c3)C2=O)cc1,0
O=C(O)c1ccc(-n2cccc2/C=N\NC(=O)c2cc3cc(Br)ccc3o2)cc1,0
O=C(O)c1ccc(N2C(=O)c3cccc4c(C(=O)O)ccc(c34)C2=O)cc1,0
O=C(O)c1ccc(Nc2cc(Cl)c3nonc3c2[N+](=O)[O-])cc1,0
O=C(O)c1cccc(-c2ccc(/C=N/NC(=O)c3cccnc3)o2)c1,0
O=C(O)c1cccc(-c2ccc(/C=c3/sc4nc5ccccc5n4c3=O)o2)c1,0
O=C(O)c1cccc(-n2cccc2/C=N/O)c1,0
O=C(O)c1cccc(Cn2c(Cl)c(/C=N/NC(=O)c3cc4ccccc4cc3O)sc2=O)c1,0
O=C(O)c1cccc(Nc2cc(Cl)c3nonc3c2[N+](=O)[O-])c1,0
O=C(c1coc(=O)c(Br)c1)N1CCOCC1,0
O=C(c1nnsc1[S+]([O-])c1ccc(Cl)cc1)N1CCOCC1,0
O=C1/C(=C/C=C/c2ccco2)SC(=S)N1NS(=O)(=O)c1ccccc1,0
O=C1C(=Cc2ccc(Br)o2)C(=O)c2ccccc21,0
O=C1C(Cl)=C(Nc2ccccc2O)C(=O)N1CCc1ccccc1,0
O=C1C=CC(=O)N1CCCCCCN1C(=O)C=CC1=O,0
O=C1CCCC(=O)C1=NNc1cccc(C(=O)O)c1,0
O=C1CSC(=S)N1/N=C/c1ccc(O)c(O)c1O,1
O=C1NC(=O)C(=Cc2ccc(Sc3ccccc3)o2)C(=O)N1,0
O=C1NC(=O)N(c2ccccc2F)C(=O)/C1=C/c1ccc(Sc2nc3ccccc3[nH]2)o1,0
O=C1NC(=S)/C(=C\c2ccc(-c3ccccc3Cl)o2)S1,0
O=C1NC(=S)S/C1=C\C=C\c1ccc([N+](=O)[O-])o1,0
O=C1NC(=S)S/C1=C\c1ccc(SCc2ccco2)o1,0
O=C1NC(=S)S/C1=C\c1coc2ccc(O)cc2c1=O,0
O=C1NN(c2cccc(F)c2)C(=O)/C1=C1\C(=O)Nc2ccccc21,0
O=C1NN(c2ccccc2)C(=O)/C1=C/c1ccc(-c2ccc(Cl)c(C(=O)O)c2)o1,0
O=C1Nc2ccccc2C(=O)C1(Cl)Cc1ccccc1,0
O=C1OCC2OC(O)C(O)C(O)C2OC(=O)c2cc(O)c(O)c(O)c2-c2c(O)c(O)c3oc(=O)c4c(c(O)c(O)c5oc(=O)c2c3c54)-c2c1cc(O)c(O)c2O,1
O=S(=O)(Nc1ccc(S(=O)(=O)c2ccc(-c3ccc(S(=O)(=O)c4ccc(NS(=O)(=O)c5ccc(Cl)cc5)c(Cl)c4)cc3)cc2)cc1Cl)c1ccc(Cl)cc1,1
O=S1(=O)c2ccccc2N=NN1Cc1ccc(Cl)c(Cl)c1,0
O=[N+]([O-])c1cc(/C=N/Nc2nc3ccccc3[nH]2)c(O)cc1O,0
O=[N+]([O-])c1ccc(Sc2cccc[n+]2[O-])c2nonc12,0
O=c1c(C(c2ccc([N+](=O)[O-])cc2)c2c(O)oc3ccccc3c2=O)c(O)oc2ccccc12,0
O=c1c(C(c2ccccn2)c2c(O)oc3ccccc3c2=O)c(O)oc2ccccc12,0
O=c1c(O)cccc2cc(O)c(O)c(O)c12,0
O=c1ccc2[n+]([O-])c3ccc([O-])cc3oc-2c1.[Na+],0
O=c1oc2ccccc2c(O)c1[C@H]1c2ccc(O)cc2Oc2c1c(=O)oc1ccccc21,0
Oc1ccc(/C=N/N=C(c2ccccc2)c2ccccc2)c(O)c1O,0
Oc1ccc(/C=N/NC(=S)Nc2cccnc2)c(O)c1O,0
